StnPres,SeaPres,StnPresMax,StnPresMin,Temperature,T Max,T Min,Td dew point,RH,RHMin,WS,WD,WSGust,WDGust,PrecpHour,PrecpMax10,PrecpMax60,SunShine,SunshineRate,GloblRad,VisbMean,EvapA,UVI Max,Cloud Amount,TxSoil0cm,TxSoil5cm,TxSoil10cm,TxSoil20cm,TxSoil30cm,TxSoil50cm,TxSoil100cm,b,
-0.072721,-0.059212,-0.062578,-0.019895,0.142385,0.270533,-0.012187,-0.136187,-0.032159,0.045602,0.119419,0.017839,-0.017297,0.011563,0.091481,-0.001988,0.019469,-0.025612,0.135568,-0.022461,0.033732,-0.268084,-0.102811,0.076167,-0.007425,-0.025312,-0.009378,-0.003795,-0.083982,-0.028546,-0.125316,0.001549,