StnPres,SeaPres,StnPresMax,StnPresMin,Temperature,T Max,T Min,Td dew point,RH,RHMin,WS,WD,WSGust,WDGust,PrecpHour,PrecpMax10,PrecpMax60,SunShine,SunshineRate,GloblRad,VisbMean,EvapA,UVI Max,Cloud Amount,TxSoil0cm,TxSoil5cm,TxSoil10cm,TxSoil20cm,TxSoil30cm,TxSoil50cm,TxSoil100cm,Precp,
1.009710,1.009761,1.010015,1.009303,0.983784,0.984626,0.984038,0.986650,1.005248,1.005916,1.008693,0.986678,1.009037,0.988869,1.003130,1.001402,1.000079,0.984711,0.986668,0.985521,0.998379,0.987958,0.995318,1.007008,0.975592,0.979009,0.979239,0.979660,0.980777,0.979774,0.980841,1.001484,